interprete_cancion,total_canciones
10cc,1
121dB,1
2 Dos Two,1
2 Fabiola,1
2 Men,1
2 Unlimited,1
2Elements,1
2raumwohnung,1
3-11 Porter,1
3RR3T3S,1
4 Non Blondes,1
4Tune 500,1
A Flock Of Seagulls,1
A Man Called Adam,1
"A Studio, Polina",1
A Taste Of Honey,1
"Aaron Beats, Nite, Jas",1
Aaron Neville,1
Aarzemnieki,1
Abe Rábade/Sergio Pelagio,1
Abraham Laboriel,1
Absolom,1
Absurdo Pavo,1
Adam Dunning,1
Adam Niewood,1
Adelén,1
Adesso,1
Adolphe Adam,1
"Adrian Lulgjuraj, Bledar Sejko",1
Adrian Muñoz,1
Adrian Rodriguez,1
Adriano Celentano,1
Adrián Leo,1
Aerial,1
Aerolineas Federales,1
Afrika Bambaataa,1
Afterlife,1
Aggro Santos,1
AGP Band,1
Agron,1
Aguaviva,1
"Agus (2), Laila (3)",1
Agus Riera,1
Ahl Iver,1
Ai Ai Ai,1
"Aiko Shimada, Elizabeth Falconer",1
Aintene,1
AIROD,1
Akcent,1
"Akon, Raquel Houghton, P Money",1
Al tall,1
Alan Parsons,1
Alan Wave,1
Alana Marie,1
Alazán,1
Albert Ammons,1
Albert Hammond,1
"Albert Maris, Marc Moreno",1
"Albert Neve, Dj Obek, Ambush Mc",1
Alberto Beltrán,1
Alea,1
Alejandro Montalban,1
Alessandro Scarlatti,1
Alessandro Viale,1
"Alesso, Matthew Koma",1
Alex Aiono,1
Alex Avino,1
"Alex Gaudino, Crystal Waters",1
Alex Guesta,1
Alex Salgueiro,1
Alexandra Burke,1
Alfred Oh!,1
Alfred Scholz,1
Alfredo Catalani,1
Alhoeverah,1
Ali Akbar Khan,1
Alibi* vs. Rockefeller,1
Alice Deejay,1
Alicia Bridges,1
"Alien Cut, Dino Brown, Vivian B.",1
Alien Factor,1
Aliona Moon,1
Alioski Ajdovan,1
Alkilados,1
Alle Farben,1
Alma,1
Almadrava,1
Almodóvar & McNamara,1
ALMORRANES GARRAPINYAES,1
Aloe Blacc X David Correy,1
Alok,1
Alt8,1
Aluminosis,1
Alvaro Reina,1
Alyona Lanskaya,1
Amanda,1
Amandine Bourgeois,1
Amazone,1
Amazulu,1
Amerie,1
Amiel Daemion,1
Amin,1
Amir Jamal,1
Amistades Peligrosas,1
Amna,1
"Amp Fiddler, Sly & Robbie",1
Amy,1
"Ana Belén, David San José",1
Ana De Hollanda,1
Ana y Johnny,1
Anabel,1
Anabel Lee,1
Ander & Rossi,1
Andre Ola,1
Andrea Morricone,1
Andreea Balan,1
ANDREU TODO,1
Andrey Denisov,1
Andrius Pojavis,1
André Andreo,1
André Previn,1
Andrés Suárez,1
Andy Montañez,1
Andy's Val Gourmet,1
Angel Lopez,1
Angélique Kidjo and John Legend,1
Animaya,1
Anita O'day,1
Anita Ward,1
Annie Ross,1
ANNĒ,1
Anouk,1
Anthony Newley,1
Anti-Funky,1
Antoine,1
"Antoine Clamaran, Mazaya",1
Antoni PÉREZ MOYA,1
Antonio Agra,1
Antonio Carlos JOBIM / Jesús DEBÓN,1
Antonio Castillo,1
Antonio Cortes,1
Antonio Da Costa,1
Antonio DE CABEZÓN,1
Antonio Latorre,1
Antonio Mairena,1
Antonín Dvořák,1
Anyma,1
Anónimo. Gaudes,1
April March,1
Aqualuna,1
Aram MP3,1
"Arash, Sean Paul",1
Area,1
Area 42,1
Ariana Grande,1
Ariel Rot,1
Arkano,1
Arlindo Cruz,1
ARMA,1
Armand Van Helden,1
Armand Van Helden & A-TRAK Present Duck Sauce,1
"Armand Van Helden, A-Trak, Duck Sauce",1
Army Of Lovers,1
Arne Dørumsgaard,1
Arnell I Su Orkesta,1
Arnica Montana,1
Arno Cost & Arias,1
Arnold,1
Arròs Caldós,1
Arsenium,1
Artenovum,1
Arthur Prysock,1
Arthur Smith,1
Arthur Verocai,1
Arturo Buzzi-Peccia,1
Arturo Grao,1
Arturo Munoz Castro,1
Asfalto,1
Assekes,1
Astrid S,1
Aswad,1
at,1
"at, Natalia",1
Atasko,1
Athlete,1
Atlan Chill,1
Atupa,1
Augusta,1
Aurora,1
Austin,1
Australian Blonde,1
Autòmats,1
"Avicii, Nicky Romero",1
Axel Hirsoux,1
"Axwell, Max'C",1
Azioni Musicali,1
Azul Y Negro,1
Azuquita,1
Azzido Da Bass,1
B-Movie,1
B-Tribe,1
B.B. King,1
Babacar y Sabor Internacional,1
Babs Gonzales,1
"Baby Killa, Jimmy Bad Boy",1
"Back To Basics, KTF",1
Back To Fondamentals,1
Backyard Dog,1
Bacon Popper,1
Baha Men,1
"Baja Crew, Lou Prince",1
Baktuns,1
Bambino,1
Bananarama,1
Banda Julito,1
Banda La Bocana,1
Banda Puerto Rico,1
Bandolera,1
Barbara Mendes,1
Barbara Tucker,1
Barbatuques,1
Barry Biggs,1
Barry Harris,1
Bartholdy,1
Barón Rojo,1
Basada,1
Basic J,1
Basilio,1
Basim,1
Basshunter,1
Bastian Salbart,1
Bastida,1
Basto,1
Basto!,1
Batuka Power,1
BB & The Q Band,1
"Beady Belle, India.Arie",1
Bearson,1
"Beat & Peter, Monica Green",1
"Beat Factory, Massiv 4",1
BeatFreakz,1
Bebe Rexha,1
Bebel Gilberto,1
Bedük,1
Beer Band,1
Beethoven,1
Bellini,1
Benny Benassi,1
"Benny Benassi, The Biz",1
Bent,1
Big Bad Voodoo Daddy,1
Big Bill Broonzy,1
Big Blue,1
Big Country,1
Big Metra,1
Bill Haley,1
Bill Haley & His Comets,1
Bill Justis,1
Bill Lovelady,1
"Billy Crystal, John Goodman",1
Billy La Mont,1
Billy Mack,1
Bimbo,1
Binary Finary,1
Bingo Players,1
"Bingo Players, Far East Movement",1
Birgit Õigemeel,1
Biréli Lagrène,1
Biyouna,1
Black & White Brothers,1
Black Legend,1
Black M,1
Black Slate,1
Black System,1
Blicz,1
Bliss Team,1
Blue 4U,1
Blumm,1
BNK,1
BNK Boni & Kelly,1
Bo Diddley,1
Bob Sinclar & Sahara Feat. Shaggy,1
"Bob Sinclar, Gary ""Nesta"" Pine",1
"Bob Sinclar, Shabba Ranks",1
Bobby Darin,1
Bobby Hutcherson,1
Bobby Solo,1
Bobby Vee,1
Bodyrox Feat. Luciana,1
"Bodyrox, Luciana Caporaso",1
Boleros Bengalíes,1
Bon Garçon,1
Bones 33,1
Bonnie Raitt,1
Bonnie Tyler,1
Booty Luv,1
Boris Gardiner,1
Boston 168,1
Boundzound,1
Boxcar Willie,1
Boy George,1
Brass Construction,1
Brave Combo,1
Brenda Boykin,1
Brenda Fassie,1
Brenda Lee,1
Brendan Croskerry,1
"Brian Cross, Inna",1
Bright Sun Spirit,1
Bromas Aparte,1
Bronislaw Kaper,1
Brothers In Da Basement,1
Brown,1
Bruno Martini,1
Bruno Philip,1
"Bryan Adams, Sting And Rod Stewart",1
Bryan Ferry,1
Bryan Wilson & Sebastian Crayn,1
Bud Shank,1
Buddhatronic,1
Buddy Holly,1
Buika,1
Burak Yeter,1
Burl Ives,1
Burning,1
Burns,1
Bus Stop Feat. Carl Douglas,1
Bustamante,1
Buzzcocks,1
Buzzy Bus,1
Bvsmp,1
ByeAlex,1
C & C Music Factory,1
C & G,1
Cab Calloway,1
Cadillac,1
Cali,1
Calibu,1
Caliche,1
Calum Scott,1
Calvin Harris,1
"Calvin Harris, Florence Welch",1
Camiel,1
Camille,1
Camino Del Sol,1
Cammora,1
"Can-Linn, Kasey Smith",1
Canarios,1
Candi Staton,1
Candido,1
Cappella,1
Captain And Tennille,1
Captain Sensible,1
Carboo,1
Carl Espen,1
Carles Benavent,1
Carles Enguix i O3,1
Carlinhos Brown,1
"Carlinhos Brown, DJ Dero",1
"Carlos Gallardo, Jose Franco",1
"Carlos Gallardo, Juanjo Martin, Nuria Swan, Patrizze",1
Carlos Santana,1
Carlos Silva,1
Carlos Varela,1
Carlos Vidal,1
Carly Rae Jepsen,1
Carmen Linares,1
"Carnicero, Dj Tempo",1
Carol,1
Carolina Marquez,1
Caroline,1
Casely,1
Cassandra,1
Cat Stevens,1
Caterina Caselli,1
Catherine Russell,1
Cecile Bredie,1
Cecilia Toussaint,1
Celeda,1
Celio González,1
Celtic Words,1
"Cesar De Melero, John Jacobsen",1
Cesar Monge,1
Ceximo,1
Cezar Ouatu,1
Chabuca Granda,1
Chaka Khan,1
Chamaco,1
Charles Brown,1
Charles Mingus,1
Charlie Rich,1
Charlie Sexton,1
Charly Black,1
"Cheb Mami, K-Mel",1
Chenoa,1
Cher,1
Chess,1
Chico Buarque,1
Chimo Bayo,1
Chipper,1
Chita Rivera,1
Chris Brown,1
Chris Isaak,1
Chris Jedi,1
"Chris Lake, Laura V, Dirty South",1
Chris Malinchak,1
Chris Salvatore,1
Chris Willis,1
Christian Cheval,1
Christian Reyes,1
Christie,1
Christopher S,1
Chrome,1
Chuckie,1
Chuckie & Promise Land,1
Cicada,1
Cinnamon,1
City Limits,1
CJ Lewis,1
Clara Moreno,1
Clare Fischer,1
Clarke's,1
Classix Nouveaux,1
Claude Debussy,1
Claude François,1
Claude-Michel Schönberg,1
Clelia Felix,1
Clifford Brown,1
Clotta,1
Cláudia Leitte;Lira,1
CNCO,1
Coastline,1
Cold Valley,1
Coldcut,1
Coleman Hawkins,1
Colin Vearncombe,1
Color Me Badd,1
Combustible Edison,1
Commodores,1
Con J.R.,1
Conchita Velasco,1
Conchita Wurst,1
Connie Francis,1
"Conor Maynard, Ne-Yo",1
Consuelo Velázquez,1
Coolio vs. Kylian Mash & Rico Bernasconi,1
Coque Malla,1
Coral Sant Jordi,1
Cordura,1
Corinne Bailey Rae,1
Corinto Band,1
Cornucopia,1
Count Basie,1
Counting Crows,1
Cowboy Junkies,1
Coz,1
Cracked Ice,1
Crazy White Boy,1
Crispian St. Peters,1
Cristian Martin,1
Cristina Scarlat,1
Critika y Saik,1
Crossfire,1
Cuggini Di Campagna,1
Culture Club,1
Cunnie Williams,1
"Cánovas, Rodrigo, Adolfo Y Guzmán",1
"Céline Dion, Clive Griffin",1
"Cüva, H.O.M.",1
D.O.N.S.,1
"D.O.N.S., Technotronic",1
Da Silva,1
Daddy's Groove,1
Daddy's Groove Feat. Coleman,1
Dagon,1
Dakota Staton,1
Dam'Edge,1
Dan Balan,1
"Dani Moreno, Romy Low",1
Daniel Wanrooy,1
Daniel Zueras,1
Daniela Romo,1
Dannii Minogue,1
Danny & The Juniors,1
Danny Daniel,1
Danny Marquez,1
Danny Romero,1
Danny Ulman,1
Danny Williams,1
Danza DJs,1
Danzel,1
Dario D'Attis,1
Dario Nunez,1
Dario Nunez & DJ Neil,1
"Dario Núñez, DJ Nano",1
Dasoul,1
Dave Brubeck,1
David Bustamante,1
David Coverdale,1
David DeMaria,1
David Fonseca,1
"David Guetta, Chris Willis",1
"David Guetta, JD Davis",1
"David Guetta, Sia",1
"David Guetta, The Egg",1
David Jacopin,1
David Jones,1
David Mann,1
David Palau,1
David Quijada,1
David Raksin,1
David Regueiro,1
David Sanborn,1
David Strasser,1
David Tavare Feat. 2 Eivissa,1
"David Tavaré, 2 Eivissa",1
David Tort,1
David Velardo,1
Davis,1
Dawn Of The Maya,1
Dawn Penn,1
Daymond,1
DB Boulevard,1
De Souza Feat. Shena,1
Dead Means Nothing,1
Dean Martin,1
Deana Carter,1
"Debbie Davis, Matt Perrine",1
Debbie Gibson,1
Deco Fiori,1
Dee Dee Bridgewater,1
Deee-Lite,1
Deep Dish,1
"Deep Josh, Jose Rodriguez, Josephine Sweet",1
Deepswing,1
Del Shannon,1
Demarco Electronic Project,1
Democustico,1
Deniz Koyu,1
Dennis Brown,1
Dennis Uko,1
"Departamento Del Ritmo, Auudi",1
Depedro,1
Depende,1
Der Lehmann,1
Des-acato,1
Después De Todo,1
Deux,1
Deviot,1
Dexter Gordon,1
Dexys Midnight Runners,1
Dhafer Youssef,1
Diana Ross,1
Diane Schuur,1
Dick Dale & His Del-Tones,1
Dick Haymes,1
Dido,1
Diego Alonso,1
Diego Vieito,1
Digitano,1
Dilara Kazimova,1
Dimitri Tiomkin,1
Dinah Shore,1
Diogo Clemente,1
Dionne Warwick,1
Discolage,1
Discopolis,1
"Diva Surprise, Georgia Jones",1
Diweley & Y. Shekba,1
DJ Antoine,1
"DJ Antoine, Тимати, La La Land, Timbaland, Grooya",1
DJ Assad,1
"DJ Assad, Mohombi, Craig David, Greg Parys",1
DJ Chowuy,1
"DJ Chuckie, LMFAO",1
"DJ Chuckie, Promiseland, Amanda Wilson",1
"DJ Chus, Groove Foundation",1
Dj Derezon,1
DJ Dero,1
DJ Disciple Feat. Dawn Tallman,1
"DJ Disciple, Dawn Tallman",1
DJ Disse,1
Dj Dr Kucho!,1
DJ Eddy-N,1
DJ F,1
"DJ Kuba, Ne!tan",1
DJ Malvado,1
"DJ Manian, Carlprit",1
DJ Nano,1
"DJ Nano, Ed Is Dead",1
Dj Pedrós,1
DJ Raafy,1
"DJ Ross, Double You, J. & B.",1
DJ Said,1
DJ Sakin & Friends,1
DJ Sammy,1
DJ Snake,1
Dj Suri & Markus DB,1
DJ Tatana,1
Dj Tempo,1
DJ Tiësto,1
DJ Tonka,1
"DJ Valdi, Kato Jimenez, Jesús Sanchez, Mey Green",1
DJ Wag,1
DJ Zinc,1
DJ3,1
Djembe,1
Dmitri Shostakovich,1
Doble O Nada,1
Doc Cheatham,1
Doctor Krápula,1
Dolapdere Big Bang,1
Dollar,1
Dolly Parton,1
Dominique Langham,1
Dominique Verdan,1
Domino,1
Domino Saints,1
"Donatan, Cleo",1
Donna Summer,1
Dony,1
Doop,1
Dorians,1
Dorotea Mele vs. Gabry Ponte,1
Dorothy Dandrige,1
Dottie West,1
Double You,1
Doves,1
Dr. Bellido,1
Dr. Calcutta,1
Dr. John,1
Dragonette,1
Drake,1
Dreaminfusion,1
Drupi,1
Duane Eddy,1
Duck Sauce,1
Duo Mecanico,1
Duquende,1
Dyango,1
Dylan Warren,1
"Earth, Wind & Fire",1
East Side Beat,1
Echo & the Bunnymen,1
Eddie Cochran,1
Eddie Ferrer,1
Eddie Murphy,1
"Eddie Thoneick, Berget Lewis",1
Eddy De Clerq,1
Edesio,1
Edie Brickell & New Bohemians,1
Edmond Hall,1
Edun,1
Edvard Grieg,1
Edward Maya & Vika Jigulina,1
"Edward Maya, Vika Jigulina",1
Edwin Starr,1
Egberto Gismonti,1
El Barrio (3),1
El Cau del Llop,1
El Fenómeno,1
El Gran Combo,1
El Indio Gitano,1
El Madmo,1
El Niño del Gettho,1
El Pele,1
El Septeto,1
EL TRINEU TANOKA,1
Elaiza,1
Elcho,1
Elektra,1
Elena Baltagan,1
Elenah,1
"Elijah, Estela Martin",1
Elise Massoni,1
"Elitsa Todorova, Stoyan Yankoulov",1
Elle King,1
Ellie Goulding,1
"Elmar, Beach Messiah",1
Elmer Bernstein,1
Els Autòmats,1
Embrace,1
EME BE,1
Emi 666,1
Emma J,1
Emma Marrone,1
Emme,1
Empty rooms,1
Emza,1
"Encore, Flo Rida",1
Ender,1
Energy 52,1
Engrane,1
Enjoy,1
Enric Font,1
Eric Prydz Vs. Floyd,1
Erick E,1
Erik Satie,1
Erroll Garner,1
Esclarecidos,1
"Esma Redžepova, Vlatko Lozanoski",1
Estelle,1
Ester Formosa,1
Esther,1
Eternity,1
Ethernity,1
Etienne Charry,1
Etta James,1
Eugenia León,1
Evelyn Ayala,1
Everly Brothers,1
Ewan McGregor,1
Extremoduro + Albert Pla,1
Eydie Gormé,1
Eyes of Providence,1
Eyþór Ingi Gunnlaugsson,1
F. Javier Abraldes,1
F.A.N.S.,1
Fabrizio Bosso,1
Factor Dc,1
Fairlight,1
Faithless,1
Fake Blood,1
Fallen,1
Fanny Lu,1
"Far East Movement, Cover Drive",1
Farid Mammadov,1
Fausto Leali,1
Federico García Lorca,1
Fedo,1
Feeder,1
Feenixpawl,1
Feid,1
Ferdinand David,1
Fergie,1
Ferlin Husky,1
Fine Young Cannibals,1
"Fireflies, Alexandra Prince",1
Firelight,1
Fleur East,1
Flip Da Scrip,1
Florian Meindl,1
Flow (29),1
Flow Star,1
Flytronix,1
Focus,1
Folkloricas Arrepentidas,1
Fontella Bass,1
Foo Fighters,1
For Found Future,1
Foreigner,1
Format #1,1
Four Boys,1
Fragile State,1
Francesco Diaz Feat. Karl Frierson,1
Francesco Paolo Tosti,1
Francesco Rossi,1
Francisco Cabo,1
Francisco Canaro,1
Frank Caro,1
"Frank Caro, Amanda",1
Frank Doberitz,1
Frank Howard,1
Frank Loesser,1
Frank Rigot,1
Frank Ti-Aya Feat. Yardi Don,1
Frankie Avalon,1
Frankie Laine,1
Frankie Lymon & Teenagers,1
Frankie Ruiz,1
Franz Waxman,1
Françoise Hardy,1
"Freaky Fortune, Riskykidd",1
Freddie & The Dreamers,1
Freddie Hubbard,1
Frederick Loewe,1
Free,1
Free!!,1
"Freemasons, Amanda Wilson",1
FRENSHIP,1
FRIDA,1
Frontera,1
Fulson,1
Fun Lovin' Criminals,1
Fundación Eivissa,1
Fuzzy Hair & AM (7) Feat. Joe,1
Gabriel & Dresden Feat. Jan Burton,1
Gabriel Valim,1
Gabriella Cilmi,1
"Gabry Ponte, DJ Manian",1
Gadjo,1
Gaitanes,1
Gal Costa,1
Gallagher & Lyle,1
Ganga,1
Ganymede,1
"Garry, Charro",1
Gary Puckett,1
"Gato, Rubi De Tormes",1
Gelka,1
Gelnn Maltman,1
Gene Autry,1
Gene Kelly,1
Geo Da Silva,1
Geo Da Silva & Saftik,1
George Baker Selection,1
George GERSHWIN /Jesús DEBÓN,1
George McCrae,1
George Michael,1
George Shearing Trio,1
Georgina,1
Gerald Wilson Orchestra,1
Gerard Requena & Marian Dacal,1
Gerardo Frisina,1
Gerrard Badelt,1
Gerry & The Pacemakers,1
Gianluca Bezzina,1
Gianni Coletti Vs Musique Boutique,1
Gibson Brothers,1
Gigi D'Agostino,1
Gigi D’Agostino,1
Gigi Gryce,1
Gigliola Cinquetti,1
Ginuwine,1
Ginés Pérez de la Parra,1
"Gio Di Leva, Christian Cheval, Nello Simioli",1
Giorgio Prezioso,1
Giovanni Battista Pergolesi,1
Gipsy Kings,1
Gladys Knight,1
Gladys Knight & The Pips,1
Glaucia Nasser,1
Glen Gray & The Casa Loma Orchestra,1
Global Deejays,1
Global Deejays Feat. Technotronic,1
Gloria Trevi,1
Gocho,1
Goldfrapp,1
Gonzalez,1
Gonzalo Rubalcaba,1
Gonzalo Shaggy Garcia,1
Good & Plenty,1
Good Boys,1
Goodwill,1
Gorillaz,1
Graham Coxon,1
Graham Parker & The Rumour,1
Grand National,1
Grees,1
Gregorio Allegri,1
Greta Y Los Garbo,1
"Greyboy, Nino Moschella",1
Groove Phenomenon,1
Groovy 69,1
"Grover Washington, Jr.",1
Grupo Batuque,1
Guajiros,1
Guajiros Del Puerto,1
Guille Barea,1
Guillermo Gagliardi,1
Guru Josh Project,1
"Guru Josh, Igor Blaska",1
Gusanito,1
Gustav Holst,1
Gusttavo Lima,1
Guty Cárdenas,1
Gwen Stefani,1
Gym Class Heroes,1
Gérard Presgurvic,1
H. Garden,1
Hagenaar & Albrecht,1
"Haiducii, Gabry Ponte",1
Haitiando,1
Hampenberg,1
Hannah Mancini,1
Hanson,1
"Hardwell, Amba Shepherd",1
Harold Melven & The Bluenotes,1
Harold Melvin And The Blue Notes,1
Harry Belafonte,1
Harry Chapin,1
"Harry Connick, Jr.",1
Harry Gregson-Williams,1
Haser,1
Havana Mambo,1
Haze,1
Hazell Dean,1
Heaven 17,1
Helen Merril,1
Henrik T,1
"Henry Mendez, OPB, Juan Magan",1
Herbie Nichols,1
Hercules & Love Affair,1
Herman's Hermits,1
Hermes House Band,1
Hersi,1
Herve Vilard,1
"Hi-Mode, David Latour, Narco, Kazz",1
Hidden Wood,1
Highland Orchestra,1
Hinojosa,1
"Hinojosa, Zambrano",1
Hird,1
Hoagy Carmichael,1
Hocus Pocus,1
Holden,1
Hollis P. Monroe,1
Holly Cole,1
Holly Dolly,1
Homer 90k,1
"Honorebel, Pitbull, Jump Smokers",1
Horace Silver,1
Horace Silver Quintet,1
Houssam Habib,1
Howard Jones,1
Howard McGhee,1
Howard Shore,1
Howie B.,1
Hubert Yves Adrien Giraud,1
Humberto Cao,1
Héctor Agulla,1
Héctor Lavoe,1
Hüseyin Karadayı,1
I To I,1
Ian Oliver,1
"Ian Oliver, Shantel",1
Iansá,1
Idem,1
Immaculate Fools,1
In Live,1
In Verruf,1
Inaya Day,1
Incognito,1
Indefinits,1
Indigo Sun,1
Inner Circle,1
Inpetto,1
Inside Dj's,1
Intermode,1
Intro,1
INXS,1
Irene Cara,1
"Irma Thomas, Henry Butler",1
Irusta,1
Isaak Luque,1
"Isabel Pantoja, Pumpin' Dolls",1
Ismael Rivera,1
Issa Bagayogo,1
Ivan Abal,1
"Ivan Gough, Feenixpawl, Georgi Kay",1
Ive Mendes,1
Ivi Adamou,1
J Brazil,1
"J Pre, Wyclef Jean, Jazmine Sullivan, and B. Howard",1
"J. Velarde, Juan Luque, Vitti",1
J.Beren,1
Jack Greene,1
Jack Holiday,1
Jack Jones,1
Jack Mazzoni,1
Jack Perry,1
Jack White,1
Jackie McLean,1
Jaime Cullum,1
Jaime Urrutia,1
"Jaloner, Bha",1
James Horner,1
James Hunter,1
James Moody & His Modernists,1
James Taylor,1
Jan Driver,1
Jan.Solo,1
Janet Kay,1
Javier Garcia,1
Javier Pereiro,1
Jay Santos,1
Jay Sean,1
Jazzanova,1
Jazzbit,1
Jazzbox,1
Jazzy Pecada,1
JdM & Dr. López,1
Jealousy,1
Jean Sibelius,1
Jean-Paul Trombert & Claude Lapouge2,1
Jean-Pierre Limborg,1
Jeanette,1
Jeff Ament,1
Jeffery Smith,1
JEN,1
Jenny Kiwool,1
Jerry Butler,1
Jerry Daley,1
Jerry Gonzalez,1
"Jerry Ropero & Denis The Menace, Sabor, Jaqueline",1
"Jerry Ropero & Denis The Menace, Sabor, Jaqueline (8)",1
Jess Glynne,1
Jesús Santandreu,1
Jeto,1
Jey V,1
Jhonny Rodríguez,1
Jill Scott,1
Jillene Luce,1
Jimmie Lunceford,1
Jimmy Clanton,1
Jimmy Cliff,1
Jimmy Hamilton,1
Jimmy James,1
Jimmy Norman,1
Jimmy van Heusen,1
JMP,1
Jo Stafford,1
Joachim Garraud,1
Joan Armatrading,1
Joan Baez,1
Joan Baptista Humet,1
Joan Osborne,1
Joan Palomares,1
Joaquín Gaztambide,1
Joe Dolan,1
Joe Jackson,1
Joe Luciano,1
Joe Walsh,1
Joey Negro & Tara McDonald,1
"Joey Plastic & Dany House, Priscila Due",1
Johannes Brahms,1
Johannes Huppertz,1
John Barry,1
John Coltrane,1
John Hannah,1
John Holt,1
John Lee Hooker,1
John Scofield,1
Johnny And The Hurricanes,1
Johnny Bregar,1
Johnny Burnette,1
Johnny Hallyday,1
Johnny Kidd,1
Johnny Otis,1
Johnny Ray,1
Johnny Tillotson,1
Jolie,1
Jon Bon Jovi,1
Jonathan Castilla,1
Jonathan Richman & The Modern Lovers,1
Joni Mitchell,1
Jordi MB,1
Jorge Pardo,1
"Jorge Reyes, Suso Díaz",1
Jose AM,1
Jose AM & Javi Torres,1
Jose Am vs Jay Colin,1
"Jose AM, Dmol, Aridian",1
"Jose AM, Jose Amor",1
Jose Antonio Molina,1
Jose Luis Encinas,1
Jose Luis Miranda,1
Jose M Duro,1
Jose Manuel Conde,1
Jose Merce,1
Jose Pérez,1
Jose South,1
Josemi Carmona,1
Josep Carreras,1
Joseph BARNABY,1
Joshua Redman,1
José de Rico,1
José Luis Perales,1
José Padilla,1
José White,1
Jovanotti,1
Juan Bau,1
Juan Bautista Comes,1
Juan Diego (4),1
Juan Pablo Manzanero,1
Juan Pardo,1
Juan Perro,1
Juan Peña,1
Juan y Junio,1
"Juanjo Martin, Albert Neve, Nalaya",1
"Judiny, Aguakate, DJ Chucky",1
Judy Bailey featuring Uju,1
Judy Garland,1
Julia Michaels,1
Julian Jeweil,1
Julian Perretta,1
Julien Baer,1
Juliet Roberts,1
Julio De Caro,1
June Christy,1
Junior Jack,1
Junior Ranks,1
Junior Sanchez,1
Jutta Hipp,1
Jutty Ranx,1
Jv Project,1
JÚLIA,1
K-Voice,1
Kaiia,1
KALEO,1
Kalin Twins,1
Kangaroo,1
Karin Nobbs,1
Karmin Shiff & Da Brozz,1
Kate Rusby,1
Kato vs DJ Jose,1
Katrina & The Waves,1
KC & The Sunshine Band,1
Kelly Osbourne,1
Kelsang Chukie Tethong,1
Kem,1
Ken Boothe,1
Kenneth Bager,1
Kenny Garrett,1
Kenny Rankin,1
Kenny Rogers,1
Kenny Wheeler,1
Keri Hilson,1
Kerli,1
Kerwin,1
KEVIN ROLDAN,1
Kevin Rowland,1
Keymass & Bonche,1
Kheen,1
Kid Creole And The Coconuts,1
Kiko Rivera,1
Kilian Dominguez,1
Kim Sozzi,1
King,1
King Dom,1
Kiubbah Malon,1
Klapa S Mora,1
Klingande,1
Kmyle,1
Koko Taylor,1
Komfusió,1
Kool & The Gang,1
Koop,1
Korea,1
Korpus,1
"Koza Mostra, Αγάθωνας Ιακωβίδης",1
Kprichoso,1
Kraftwerk,1
Krisha,1
Krista Siegfrids,1
Kryder,1
Kurd Maverick,1
Kállay Saunders,1
La 5ª Estación,1
La Banda Del Puente Rojo,1
La Barbería Del Sur,1
La Bouche,1
La Brujha,1
La Caina,1
La compañía,1
LA despedida De Soltero Del Miguel,1
La Estirpeh,1
La Factoría,1
La La Land,1
La Linea,1
La Luna,1
La Madre Del Topo,1
La Mata Del Son,1
La Mode,1
La Musicalité,1
La Negra Graciana,1
La Organizacion,1
La quinta estación,1
La Romàntica del Saladar,1
La Secta Feat. Eddie Dee,1
La Tirana,1
La Tropa Vallenata,1
La Zona Vip,1
LaBelle,1
Ladytron,1
Laredo,1
"Lars Edegran & His Santa Claus Revelers, Big Al Carson",1
Lars Huismann,1
Las Grecas,1
Las Queers,1
Lasgo,1
Latin Aspects,1
"Latin Power, Antonio Machín",1
Latin Waves,1
"Latinas, Konrad (5)",1
Laura Fygi,1
Laura Lee,1
Laurent Dury,1
Laurent Wery,1
Laurent Wolf,1
Laurindo Almeida,1
Lavelle White,1
Lavelvet,1
Lebensart,1
"Lee-Cabrera, Alex Cartañá",1
Lei Qiang,1
Leonel García,1
Les Brown,1
Lesi Ortestra,1
Lesley Gore,1
Levantis & Friends,1
Level 42,1
Lexter,1
"Lexter, Dani-V",1
León Fernández,1
Lia Martese,1
Lian Ross & Alan Alvarez,1
Light of Aidan,1
Lil' Love,1
Lila Downs,1
Lipps Inc.,1
"Lipps, Inc.",1
Liquideep,1
Lis (4),1
Lissat,1
Liszt,1
Liviu Hodor,1
Liza,1
Lizz Wright,1
Lloyd Cole and the Commotions,1
Lluis Miquel,1
LLUÍS VICENT,1
"LMC, U2",1
LMFAO,1
Lobo,1
Loco Loco (3),1
Loco Tribal,1
Lokita,1
Lollypop,1
Londonbeat,1
Lore,1
Lorena,1
Lorenzo Al Dino,1
Lorna,1
Los Black Stars,1
Los Cheyenes,1
Los Compadres Feat. Gocho,1
Los Coyotes,1
Los De Abajo,1
Los Diablos,1
Los Elegantes,1
Los Eskombros,1
Los Fantasmas Del Caribe,1
Los Fresones Rebeldes,1
Los Latinos,1
Los Liberados,1
Los Llopis,1
Los Macondo,1
LOS NIKIS,1
Los pop tops,1
Los puntos,1
Los Relampagos,1
Los relámpagos,1
Los Repartidores De San Miguel,1
Los Romeos,1
Los Soneros Del Callao,1
Los Trompicones,1
Lou Donaldson,1
Louis Jordan,1
Louis Philippe,1
Louis Prima,1
Louis Sandoro,1
Love Affair,1
Lovers Lane,1
Lowell Fulson,1
Luca Eck,1
Lucas Santtana,1
Lucinee,1
Lucio Dalla,1
Lucky,1
Lucky Peterson,1
Lucrecia,1
Ludvig & Stelar,1
Luis León,1
"Luis Lopez, Noel Pastor",1
Luis López,1
Luis Salinas,1
Luis Vaquero,1
Lukas Graham,1
Lula Queiroga,1
Luminate,1
Luna Park,1
Lunatic Soul,1
Luy Mambo,1
Lynden David Hall,1
Lynyrd Skynyrd,1
M. Norman,1
"M.T.J., Jade",1
Mach & Daddy,1
Macklemore,1
Macy Gray,1
Madhura,1
"Madlib, Stacy Epps",1
"Magan, Mendez & OPB",1
MAGIC!,1
Magique,1
Mahara Mc Kay,1
Maia Krasnaia,1
"Mainstream, Sasha David",1
Maita Vende Ca,1
Major Boys,1
Major Lazer,1
Malak,1
Malena,1
Malnom,1
Mandy Santos,1
Manel Camp,1
Manian,1
Manolo Tena,1
Manu Castellano,1
Manu Hernandez,1
Manuel Aranda,1
Manuel Penella,1
MARA ARANDA I SOLATGE,1
Marc Durst,1
Marc Puig,1
Marcela,1
Marco Hinojosa,1
Marco Mengoni,1
Marcos Valle,1
Marcus Printup,1
Margaret Berger,1
Margot Bizz,1
Mari Trini,1
Maria,1
Maria Del Mar Bonet,1
"Marien Baker, Shaun Frank",1
Marilyn Monroe,1
Marina Heredia,1
Marina Rossell,1
Marino Marini,1
Mario & Nannez,1
Mario Álvarez,1
MARIS,1
"Mark Knopfler, Emmylou Harris",1
Mark Trophy,1
"Mark Trophy, Angela Brooks",1
Marsal Ventura & Surrender DJ's,1
"Marsal Ventura, Surrender DJ's",1
Marta Sanchez,1
Martin Sexton,1
Martirio,1
Marvin Gaye,1
Mary Chadler,1
Mary Ford,1
Mary Wells,1
Mash,1
Mason Feat. Princess Superstar,1
"Mason, Princess Superstar",1
Massive Attack,1
Massé,1
"Mastik Soul, David Anthony, Taylor Jones",1
"Mastik Soul, Di Paul",1
"Mastiksoul, Dj Paul",1
Matador,1
Materia,1
Matias Navarro,1
Matilde SALVADOR,1
Matisyahu featuring Nameless,1
Matt Bianco,1
Matt Cameron,1
Matt Simons,1
Matt White,1
Mauricio Rivera,1
Maurizio Morante,1
MAW,1
Max Sunyer,1
Maxx Rossi,1
Maxïmo Park,1
Maya Rudolph,1
MC Dues & Lil Ron,1
Mc Sar And The Real McCoy,1
McCoy Tyner,1
"Meade ""Lux"" Lewis",1
Meck feat. Dino,1
Mei Finegold,1
Melchor De Marchena,1
Memo Remigi,1
Men At Work,1
"Mendonça Do Rio, Bellini",1
Menea Mix,1
Mercedes Sayas,1
Mesmerized,1
Metro,1
Metrophonics,1
Mi Sostingut,1
Micha Moor,1
"Michael ""Patches"" Stewart",1
Michael Calfan,1
Michael McDonald,1
Michael PRAETORIUS,1
Michel Cleis,1
"Michel Cleis, Totó La Momposina",1
Michel Houellebecq,1
Michel Petrucciani,1
Michel Teló,1
Mick Harvey,1
Micky,1
Micky Y Los Tonys,1
Midnight,1
Miguel Bosé y Juliete Venegas,1
Miguel Saez,1
Mihai Trăistariu,1
Mika Nakashima,1
Mike Candys,1
Mike Candys & Jack Holiday,1
Mike Mikhjian,1
Miklós Rózsa,1
Miles Davis Quartet,1
"Milk & Sugar, Ayak",1
Milky Chance,1
Millennium,1
Milo & Roman,1
Milt Jackson,1
Minerva,1
Mint Royale,1
Mischa Daniels,1
MISIA feat. M2J + Francis Jocky,1
"Mismo, Rage",1
Miss Caffeina,1
Miss Ventura,1
Mission,1
Mitch Miller,1
Mo-Do,1
Moderato,1
Modern Romance,1
Modestia Aparte,1
Modjo,1
Modulos,1
Mohicans,1
Moje 3,1
Mojinos Escozios,1
Molella,1
"Molella & Phil Jay, Heaven 17, ""Fast"" Eddie Smith",1
Molly Smitten-Downes,1
Moneille,1
Monique Kessous,1
Monta & Rossini,1
Montefiori Cocktail,1
Moonshakerz,1
Moran Mazor,1
Morandi,1
Morris Corti,1
Morrissey,1
Mory Kante,1
Motif,1
Mousse T,1
Mousta Largo,1
MOX,1
MOX NOX,1
Mr. Oizo,1
Muddy Waters,1
Musical Youth,1
Mustafa Sandal,1
Mylo,1
Mystic,1
MØ,1
"Màrius Asensi, Gonçal Palop",1
Márcio Faraco,1
Mônica Salmaso,1
N'Dambi,1
N-Trance Feat. Ricardo Da Force,1
N. Vedette,1
N2,1
Nacho Sotomayor,1
Nadia Ali,1
Naia,1
Nalin & Kane,1
Narci Rodriguez,1
Nari,1
Nari & Milani And Cristian Marchi With Max C.,1
"Nari & Milani, Cristian Marchi, Max'C",1
Natalia,1
Natasha Bedingfield,1
Natália Kelly,1
Naughty Boy,1
Neil Sedaka,1
Neja,1
Nek,1
"Nelly Furtado, Timbaland",1
Nemesis,1
NEON SHADOW,1
Nerio Poggi,1
Nevada,1
New Beginning,1
New Limit,1
New Seekers,1
Newton,1
Nick Cave,1
Nicky Jam,1
"Nicky Jam, Rakim & Ken-Y",1
"Nicky Romero, NERVO",1
Nicola Fasano,1
Nicola Fasano & Steve Forest,1
Nicola Valente,1
Nicolas Jeandot,1
Nicolas Mayorca,1
Nightzoom,1
Nik Kershaw,1
Nikolai Rimsky-Korsakov,1
Nina,1
Nino Rota,1
Nitin Sawhney,1
Nneka,1
No Maka,1
"Nodi Tatishvili, Sophie Gelovani",1
Northbrook,1
Noviembre,1
NRD1,1
Nu Colours,1
Nuestro Pequeño Mundo,1
Nuria Swan,1
Nuspirit Helsinki,1
Obek,1
Object One,1
Obrint Pas,1
Ocean Dreams,1
Odi,1
Odyssey (2),1
Of Monsters and Men,1
Ofenbach,1
Offer Nissim Feat. Maya,1
Olaf Gutbrod,1
Olaya,1
Oleomusic,1
Oliver Schlolaut,1
Olivia Olson,1
Ollano,1
Olly Murs,1
Omaya,1
OMC,1
Omega,1
OMI,1
"On Line, Anqui",1
Orchestral Manoeuvres In The Dark,1
Oreja,1
Orgatronics,1
Ornella Vanoni,1
Ornette,1
Orquesta Barroca de Valencia,1
Orquesta Cienfuegos,1
Orquesta De La Luz,1
Orquesta Mondragón,1
Orquesta Sobremarcha,1
Orquestra Plateria,1
Orsten,1
Oscar D'León,1
Oscar Martinez,1
"Oscar Martínez, Peter Pou",1
"Oscar Salguero, Chris Kalera",1
OT 2006,1
Otis Redding,1
Ottawan,1
Otto Knows,1
Outkast,1
Outlandish,1
"Outwork, Mr. Gee",1
Ovidi Twins,1
Owix,1
Pablo Bicho,1
Pablo Sorozábal,1
Pablomora,1
Pachanga,1
Paco Pil,1
Paco Toronjo,1
Panteón Rococó,1
Paolo Vallesi,1
Papi Sanchez,1
Paradisio,1
Parcerita,1
"Partypimpz, MC Miker G. & DJ Sven",1
Pascal Obispo,1
Pat Boone,1
Pate Nº1,1
Patita Negra,1
"Pato Banton, Ali Campbell, Robin Campbell",1
Patrick Miller,1
Patti Page,1
Patty Bravo,1
Patxi Andión,1
Pau Alabajos,1
PAU MIQUEL SOLER,1
"Paul ""Bunyan"" Rosenberg",1
Paul Droid,1
Paul Dukas,1
Paul Jackson,1
"Paula Seling, Ovi",1
Paulinho Da Viola,1
Peaches & Herb,1
Peak's Forest,1
Pecos,1
Pedro Diaz,1
Pedro Ruy-Blas,1
PELLIKANA,1
"Pep Gimeno ""Botifarra""",1
PEP LAGUARDA & THE REISONS,1
PEPET I MARIETA,1
PeR,1
Peter Frampton,1
Peter Gabriel,1
Peter Gelderblom,1
Pettorosi,1
Phil Fuldner,1
Piano,1
"Picolo, Aaron Beats, Bop 241, Gato",1
Pier Bucci,1
Pierre Charlon,1
Pink Room,1
Pinka,1
Pino D'Angiò,1
Pino Donaggio,1
Pistones,1
"Pitbull, TJR",1
"Pitbull, TKZee and Dario G",1
Planet Funk,1
Plant Life,1
Plastik Funk,1
Platino,1
Players Please,1
Playmen,1
Poeta Callejero,1
Polinesia,1
Pollapönk,1
Poncho K,1
Pooh,1
Pop Tops,1
Porter Wagoner,1
Poto,1
Praise,1
Prap's,1
Pretenders,1
Pretz,1
Primal Scream,1
Princess Vanessa,1
Prosadikos,1
Psirico,1
Psy,1
Public Domain,1
Pulp,1
Pumva,1
Putzgrilla,1
Q-Tip,1
Qpid,1
Quantic,1
Quijano,1
Quincy Jones,1
R'n'G,1
R. City,1
R. Kelly featuring Soweto Spiritual Singers,1
"R.I.O, U-Jean",1
Rachel Platten,1
Rafa Fernández,1
RAFA XAMBÓ,1
Rafael Estrada,1
Rahs E Invicto,1
Ralph Carney,1
Ralph Myerz & The Jack Herren Band,1
Ramasutra,1
Ramirez,1
Ramoncín,1
Ramsey Lewis,1
Raphael Saadiq,1
Rapshnamurti,1
Rapsodes,1
Rascal Flatts,1
Rasel,1
"Rash, Dj Keal",1
Raul,1
Raven (CA),1
Ray Barretto,1
Ray Peterson,1
Ray Sharpe,1
Razorlight,1
Real Thing,1
Red Rain,1
Red Roja,1
RedRoche,1
Refugee Camp All-Stars,1
Reina (7),1
Remedios Amaya,1
Remot,1
Renato (9),1
Renegade Soundwave,1
Resistance D,1
Resplandor,1
ReUnited,1
Rey y Lia,1
Rhythm Addicts,1
Ricardo Modrego,1
Riccardo del Turco,1
Richard Bona,1
Richard Bonnée,1
Richard Grey,1
Richard Orlinski,1
Richard Thomas,1
Rick Astley,1
Rick James,1
Ricky L,1
Ricky Nelson,1
Ricky Tavares,1
Rikki,1
Rita Ribeiro,1
Ritchie Valens,1
Ritmo-Dynamic,1
Riva Starr,1
RKM Y Ken-Y,1
Road,1
Rob One,1
Robben Ford & The Blue Line,1
Robert Johnson,1
"Robert Palmer, UB40",1
Roberto Bellarosa,1
Roberto Bouça,1
Roberto Milano & Ricky Trauma,1
Robin Stjernberg,1
Robyn,1
Rockie Charles,1
Rocío Jurado,1
Rod V,1
Roddy Frame,1
Rodolfo Falvo,1
Rodrigo Alexey,1
Rodrigo Mercado,1
Rodriguez,1
Roebeck,1
Roger Miller,1
Roger Sanchez,1
Romantico Latino,1
Ron Carter,1
Ron May,1
Ronan Keating,1
Roque Monserrat,1
Rosa,1
Rosa León,1
Rosalía,1
Rose Royce,1
Rouge Rouge,1
Roy Hargrove,1
Roy Orbison,1
Royal Huggy,1
Rozalla,1
Ruben,1
Ruben Bonel & Will Simms,1
Rubi Y Los Casinos,1
Rufus Thomas,1
Rune RK,1
Ruperto Chapí,1
Ruth Lorenzo,1
Ruthie Foster,1
Ryan Adams & The Cardinals,1
Ryan Dolan,1
Rão Kyao,1
Röyksopp,1
S-Connection Featuring Anabelle,1
S-Tone Inc.,1
S. Cotugno,1
Sabrina Malheiros,1
Sabrina Salerno,1
Safri Duo,1
"Safri Duo, Clark Anderson",1
Sahara,1
Saintpaul Dj,1
Sak Noel,1
Salsa Celtica,1
Salvador Beltran,1
Sam Brown,1
Sam Bush,1
"Sam Moore, Keb' Mo', Angie Stone",1
Sam Paganini,1
Sam Project,1
Samantha Fox,1
Samim,1
Sammy Cahn,1
Sammy Davis Jr.,1
Sander van Doorn,1
"Sander van Doorn, Mayaeni",1
Sandra,1
"Sandro Silva, Quintino",1
Sandy Posey,1
Sanna Nielsen,1
Santa Fe,1
Santa Fe Feat. Soraya,1
Santabarbara,1
Santi Picó,1
Sara Martins,1
Saragoz,1
Sarah McLachlan,1
Sarasate,1
Sasha David,1
Sau,1
Scatman John,1
Schnappi,1
Schwarz & Funk,1
Scooter,1
Screamin' Jay Hawkins,1
Seamus Haji vs. Mark Knight & Funkagenda,1
"Seamus Haji, Mark Knight & Funkagenda",1
Sean Bones,1
Sebalter,1
Sebastian Ingrosso,1
Sebjak,1
Seguridad Social,1
SENIOR I EL COR BRUTAL,1
Serge Gainsbourg,1
Sergei Prokofiev,1
Sergei Rachmaninoff,1
Sergej Ćetković,1
Sergi Contrí,1
Sergio Calero,1
Sergio y Estíbaliz,1
Set Sins Feat. Zirah,1
Shaan,1
Shakatak,1
Shana Vanguarde,1
Shang Shang Typhoon,1
Shapov,1
Sharam feat. Anousheh Khalili,1
"Sharam Tayebi, Anousheh",1
"Sharon Jones, The Dap-Kings",1
Shiloh,1
Shirley Bassey,1
Shirley Horn,1
Shock Bukara,1
Shontelle,1
"Showtek, Justin Prime",1
Sidecars,1
Sidney Samson,1
"Sidney Samson, Will I Am",1
Siempre,1
Siempre Asi,1
Siete 7 Black,1
Sigmund Romberg,1
Sigur Rós,1
Sigvard,1
Silco,1
Simca,1
Simple Minds,1
Simple Plan,1
Singervalinho,1
Siniestro Total,1
Siphiwo Feat. Nelson Mandela,1
Sir Edward Elgar,1
"Sirk, Yake",1
SIS VEUS PER AL POETA,1
Sistema 3,1
SK8 Underground Crew,1
Skalissai,1
Skids,1
Sklatassangs,1
Sky,1
Smash,1
Smash Mouth,1
SMOKING SOUL’S,1
SNAP!,1
Snooks Eaglin,1
Snova,1
Soca Boys,1
Softengine,1
Softwind,1
Sol Electrico,1
Solaris Navis,1
Solo Bass,1
Son de Madera,1
Son De Sol,1
Sonia Monroy,1
Sonique,1
Sonny Flame,1
Sophie Ellis Bextor,1
"Soraya Arnelas, Aqeel",1
Soulmates,1
Soulstance,1
Sound Fused,1
Source,1
Spandau Ballet,1
Speed Limit,1
Spirit,1
Spirit Catcher,1
Split Enz,1
Spyzer,1
"Squeeze Up, Teishan, Rod Fame",1
Sr. Javier,1
Staff,1
Stanley Myers,1
Starkillers,1
Stars On 45,1
Starsailor,1
Statuas d Sal,1
Stefano Noferini,1
Stella Oliveira,1
Stereo Palma,1
"Steve Aoki, Zuper Blahq",1
Steve Mac,1
Steve Sharples,1
Steve Xavier,1
Stigma,1
Still Life,1
Stone Gossard,1
Stormtraxx,1
Stray Cats,1
Streetlife Originals,1
Stromae,1
Studio B,1
Subshock,1
Sue Raney,1
Sugababes,1
Sunfreakz Feat. Andrea Britton,1
Sunrise Inc,1
Sunset Strippers,1
Supa. T,1
Super Maria,1
Supergrass,1
"Supermartxte, Mohombi, Playb4ck",1
Supermode,1
Suzy,1
SWART,1
"Swedish House Mafia, John Martin",1
Sweet Fromage,1
Sweet Tempo,1
Swing Out Sister,1
Switch,1
Sygn,1
Sygna,1
Sérgio Mendes,1
T. Tommy,1
"T. Tommy, Jaime Garcia, Noel Pastor",1
"T. Tommy, Jaylamb",1
T.C.S. Feat. Level 42,1
Tahures Zurdos,1
Tahúres Zurdos,1
Tahúres Zúrdos,1
"Taito Tikaro, J.Louis, Ferran",1
"Taito Tikaro, Vanessa Klein",1
Takasa,1
"Takashi Hirayasu, Chuei Yoshikawa",1
Talib Kweli,1
Talk Talk,1
Talking Heads,1
TalyTali,1
Tammy,1
Tammy (5),1
Tammy Wynette,1
Tania Maria,1
Tanita Tikaram,1
Tanja Mihhailova,1
Tardor,1
Tata Golosa,1
"Tata Golosa, H.O.M.",1
Tavares,1
Taylor,1
Tchaikovsky,1
Temple Of Sound,1
Temple Of The Dog,1
Tennessee Ernie Ford,1
Tennishero,1
Teo,1
Teresa Cristina,1
Teri Richardson,1
Teri Thornton,1
"Ternielle Nelson, Jason Harman, UJU, Louise Carver, Aya & Deep Level",1
Terremoto Jerez,1
Terry Jacks,1
The Andrews Sisters,1
The Angry Kids,1
The Archies,1
The Blasters,1
The Broadway Orquesta,1
The Calling,1
The Cat '99,1
The Champs,1
The Chanclettes,1
"The Christmas Jug Band, Angela Strehli, Maria Muldaur",1
THE CLAN FAMILY,1
The Coasters,1
The Common Linnets,1
The Communards,1
The Course,1
The Crew Cuts,1
The Crystals,1
The Cube Guys,1
The Damned,1
The Dandy Warhols,1
The Dark Side,1
The Diamonds,1
"The Diplomats Of Solid Sound, The Diplomettes",1
The Dirty Dozen Brass Band,1
The Dream Project,1
The Drill,1
The Egg,1
The Emotions,1
The Equals,1
The Essence All Stars,1
"The Ethiopians, The Maytals",1
The Everly Brothers,1
The Foundations,1
The Fray,1
The Garrophones,1
The Gnome,1
The Human League,1
The Ipanemas,1
The Jacksons,1
The Jam,1
The John Scofield Band,1
The Kingsmen,1
The Kingston Trio,1
The Kooks,1
The Libertines,1
The Little Willies,1
The Love Unlimited Orchestra,1
The Magic Numbers,1
The Mavericks,1
The Meeting,1
The Melodians,1
The Merseybeats,1
The Mitical Boys Feat. Melisha,1
The Out Of Cash,1
The Plastic Ono Band,1
The Pointer Sisters,1
The Pop Tops,1
The Prayers,1
The Proclaimers,1
The Psychedelic Furs,1
"The Quantic Soul Orchestra, Kabir",1
The RH Factor,1
The Right Ons,1
The Romantics,1
The Script,1
The Searchers,1
"The Shin, Mariko Ebralidze",1
The Soundlovers,1
The Spanish Caribe Hits,1
The Stranglers,1
The Tamperer Feat. Maya,1
The Team,1
The Teddy Bears,1
The Three Sounds,1
The Tokens,1
The Top Gun,1
The Trammps,1
The Tremeloes,1
The Verve,1
The Vision,1
The Weather Girls,1
The Whispers,1
The Zombies,1
Thelma Houston,1
Thierry Noritop & Daniel Finot,1
Thievery Corporation,1
Third Party,1
Third World,1
"Thomas Cajal, Cedric Le Noir",1
Thomas Gold,1
Thomas Gold & Matthias Menck,1
"Thomas Newman, Peter Gabriel",1
Thompson Twins,1
Tijana Dapčević,1
Till Brönner,1
Tim Berg,1
"Tim Deluxe, Sam Obernik",1
Timi Yuro,1
Timtim,1
Tina Cousins,1
Tinc Ladilles,1
Tinie Tempah,1
Tinkara Kovač,1
Tirant Lo Rock,1
Tiri,1
"Tito ""El Bambino""",1
Tito Puente,1
"TLM, Transvision Vamp",1
Toby Dammit,1
Toil,1
Tom & Collins,1
Tom & Jerry,1
"Tom & Jerry, Abigail Bailey",1
Tom Boxer,1
Tom Novy Feat. Virginia,1
Tom Tom Club,1
Tomaso Albinoni,1
Tommaso Giordani,1
Tommy Trash & Tom Piper,1
Tony Martinez,1
"Tony Tribe, The Rudies",1
Tony Vega,1
"Toti Soler, Ester Formosa",1
Toto Cotugno,1
Toto Cutugno,1
Toumani Diabaté,1
Touré Kunda,1
Toussaint,1
Tovar,1
Tradelove,1
Tradicional / Jesús DEBÓN,1
Tradicional / Malcolm SARGENT,1
Tradicional / Paul TREPTE,1
Tradicional / Roberta BITGOOD,1
Tranx-Mission,1
Tres Fan Ball,1
Trevor Hall,1
Triana Pura,1
Trio,1
True Faith,1
Truth Through Fight,1
"Tuccillo, Patty Pravo",1
Tujamo,1
Tutto Durán,1
TV Rock,1
Twenty 4 Seven Feat. Stay-C And Nance,1
Twenty Fighters,1
Twin Twin,1
Twinkle Brothers,1
UB40,1
Ultra Naté,1
Ultravox,1
Umberto Tozzi,1
Umpah Pah,1
Unconditional,1
Undersound,1
Underworld,1
Undrop,1
Unknown Artist,1
Urge Overkill,1
Valdi & J.Martinez,1
Vaneese,1
Vanessa L. Williams,1
Vanilla Ice,1
Vanity,1
VARGO,1
Velvet Dreamer,1
Veneno,1
VERTIGEN,1
Vicente Amigo,1
Vicentico Valdés,1
Viceversa,1
Victor Ark,1
Victor Ark & Daniela,1
Victor Manuel,1
Video,1
Viggo,1
Vilija Matačiūnaitė,1
Village People,1
"Vince, Aaron Beats",1
Vincenzo Bellini,1
Vincenzo de Crescenzo,1
Viola Wills,1
Virginia,1
Virgo,1
Visage,1
"Voggue, Di Lara",1
Voices Of Africa,1
Voltor,1
Wakal,1
Waldeck,1
Wally Lopez,1
Walter Fuller,1
Wang Chung,1
Wasaby Ink,1
Wawa,1
Wayne Fontana,1
Wayne Wade,1
Weezer,1
Wet Fingers,1
Wham!,1
Whirlpool Productions,1
Who See?,1
Wieniewski,1
Wild Wind,1
Wildstylez,1
Willie Bobo,1
Willy DJ's,1
Wilson Choperena,1
Wiltril,1
Wings,1
Wisin,1
Wizz,1
wolf - gerome - sinatra,1
Wolfgang Gartner,1
Wolfmother,1
Womack & Womack,1
WTF!,1
Wyclef Jean,1
Wynton Kelly,1
X Ambassadors,1
X-Treme,1
Xavier Montsalvatge,1
Ximo,1
Xucro,1
Yacin Asan Project,1
Yadira,1
Yai,1
Yandar & Yostin,1
Yazoo,1
Yello,1
Yes,1
"Ying Yang Twins, Pitbull",1
Yoing,1
Yoshida Brothers,1
Ypsillon,1
Yves Larock,1
Yvonne Elliman,1
Zaliwa,1
Zap Mama,1
Zar Dynasty,1
Zhony Style,1
Ziggy Marley And The Melody Makers,1
Zlata Ognevich,1
Zoot Sims,1
Zoë Badwi,1
Zuell,1
Zulya,1
Àlvar Carpi,1
"Àlvar Carpi, Pep Gimeno 'Botifarra'",1
"Àlvar Carpi, Rafa Xambó",1
Δέσποινα Ολυμπίου,1
"Χάρης Κατσιμίχας, Apurimac",1
Дина Гарипова,1
Марія Яремчук,1
Сестры Толмачевы,1
راغب علامة,1
Abbey Lincoln,2
ABC,2
Abel Almena,2
Adrian Sina,2
Adrian Solla,2
Al Jarreau,2
Alaska Y Dinarama,2
Alaska Y Los Pegamoides,2
Aleks Syntek,2
Alesso,2
Alex De Guirior,2
Alex Gaudino,2
Alfred Newman,2
Aliana,2
Alvaro Carrillo,2
Alvaro Soler,2
Amilcare Ponchielli,2
Andreea Banica,2
Andreia,2
Andreu Valor,2
Ann Lee,2
Aqua,2
Arkanoid,2
Armin van Buuren,2
Aroma,2
Aspencat,2
Atzembla,2
Auxili,2
Axwell /\ Ingrosso,2
"Basic Connection, Joanne Houchin",2
Beezewax,2
Bernie Lyon,2
Bernon,2
Bienvenido Granda,2
Bill Henderson,2
Billo's Caracas Boys,2
Billy Eckstine,2
Billy J. Kramer,2
Bing Crosby,2
Bitty McLean,2
Bliss,2
Blossom Dearie,2
"Bob Sinclar, Steve Edwards",2
Bobby McFerrin,2
Bodybangers,2
Brian Cross,2
Bud Powell,2
Buddy Guy,2
Camille Jones,2
Carlos Gallardo,2
Carlprit,2
Carly Simon,2
Carmen McRae,2
Casal,2
Cascada,2
Charles Gounod,2
Charlie Hunter,2
Charlie Puth,2
Charlie Rouse,2
Chic,2
"Chick Corea, Arr. Abe Rábade",2
Chicuelo,2
Chubby Checker,2
Chucho Valdés,2
Claudio Ferri,2
Claudio MONTEVERDI,2
Clean Bandit,2
Contras,2
Corina,2
Corona,2
Craig Armstrong,2
Cristian Marchi,2
Crystal Waters,2
Cuarto Sin Ascensor,2
César Franck,2
DAB (Digital Analog Band),2
Dani Moreno,2
"Daniel Finot, Thierry Noritop & Dominique Verdan",2
Darkness Spirit,2
Dave Holland,2
Dave McMurray,2
David Civera,2
David Latour,2
David Lojo,2
David Pop,2
DCS,2
Deep Swing,2
Deeper,2
Deepside Deejays,2
Desmond Dekker,2
Dianne Reeves,2
Diego Carrasco,2
DIKKO,2
Dimitri Vegas & Like Mike,2
Dinamita Pa Los Pollos,2
DJ BoBo,2
DJDURAN,2
DKB,2
Don Diablo,2
Don Gibson,2
Donald Byrd,2
Dover,2
Dr. Alban,2
"Dr. Kucho!, Pedro Del Moral",2
Dua Lipa,2
Duran Duran,2
Dvorak,2
Eddie Vedder,2
Eddy Wata,2
Eduardo Braga,2
Eduardo di Capua,2
Edward Elgar,2
Eels,2
Eiffel 65,2
El Corredor Polonés,2
El europeo,2
Electric Dance Music,2
Elena Borges,2
Elena Gheorghe,2
Elijah,2
Emilia de Poret,2
Emmelie De Forest,2
Enzo Lupo Saxo,2
Erich Wolfgang Korngold,2
Esperanza Fernández,2
Estela Martin,2
Estilo Libre,2
Example,2
Farrago,2
Fats Domino,2
Federico Scavo,2
Feliu Ventura,2
Felix Jaehn,2
Formula V,2
Francesco Cilea,2
Francis Lai,2
Fred Dubois,2
Friedrich von Flotow,2
fun.,2
Gabry Ponte,2
Gala,2
Galantis,2
Gene Vincent,2
Georges Bodossian,2
Gerson,2
Gianni Nazzaro,2
Gina Star,2
Glen Gray,2
Glenn Miller,2
Grant Green,2
Greg Parys,2
Hank Mobley,2
Henry John Morgan,2
Henry Mancini,2
Horace Parlan,2
Hot Chocolate,2
Hymn,2
Ian Carey,2
Ice Mc,2
Iggy Pop,2
Igor Stravinsky,2
Ike & Tina Turner,2
Imany,2
In-Grid,2
Infernal,2
Inèrcia,2
Ipanema,2
ItaloBrothers,2
Ivan,2
Iyaz,2
Jack Teagarden,2
Jackie Allen,2
Jackie Wilson,2
Jacky Terrasson,2
Jacques Offenbach,2
Jaimito,2
Jakatta,2
James Arthur,2
Jarabe De Palo,2
Jarcha,2
Javi Mula,2
Javier Esteve,2
Javier Ojeda,2
Jaykay,2
Jesse Garcia,2
Jesús Guridi,2
Jim Jacobs,2
Jimmy Durante,2
Joana Duah,2
Joe Henderson,2
Joe Lovano,2
Joe Williams,2
Johnny Hartman,2
Josep Lluís VALLDECABRES,2
Juan Jove,2
Juanjo Martin,2
Julian The Angel,2
Julie London,2
Julius Benedict,2
Just Jack,2
Kamar-Oun,2
Kelis,2
Kelly Clarkson,2
Kenny Dorham,2
Kidsgofree,2
King Africa,2
Koru,2
Kurt Elling,2
Kylian Mash,2
La Banda Del Capitán Canalla,2
La Célula Durmiente,2
La Gossa Sorda,2
Laidback Luke,2
Lee Morgan,2
Lena Horne,2
Lenny White,2
Leo (22),2
Leon Redbone,2
Leonard Bernstein,2
Les Brown & His Band Of Renown,2
Lionel Richie,2
Lole Y Manuel,2
Lolita Jolie,2
Loredana Perasso,2
Los Chamarones,2
Los Gatos Negros,2
Los Iberos,2
Los Rebeldes,2
Los Ronaldos,2
Los Sirex,2
Los Tremendos,2
Lost Frequencies,2
Lourdes Savarese,2
Lucas Fixel,2
Lucie Silvas,2
Lucky Twice,2
Luigi Tenco,2
Lukestar,2
Lulu Joppert,2
Luminous,2
Lynn Anderson,2
Mads Langer,2
Mahalia Jackson,2
Make Some Are Us,2
Manuel Paino,2
Manzanita,2
Marcos Rodriguez,2
Maria Isabel,2
Mark Murphy,2
Martha Reeves,2
Martin Garrix,2
Martin Jensen,2
María,2
Massimo Ranieri,2
Mastik Soul,2
Mati González,2
Mattyas,2
Maurice Jarre,2
Mel Tormé,2
Melibea,2
"Michael Gray, Steve Edwards",2
Michael Philip Mossman,2
Michel Camilo,2
Michel Legrand,2
Miguel Paz,2
Mike McCready,2
Mike Perry,2
Miles Davis,2
Miquel Gil,2
Missiego,2
Moksha,2
Moncho,2
Moony,2
Na-Vee,2
Nacha Pop,2
Nacho,2
Nacho Rosselot,2
Narcotic Sound,2
Natalia (5),2
Negrocan,2
Netzwerk,2
Nicky Romero,2
Nils Van Zandt,2
Nina Simone,2
Objetivo Birmania,2
OBK,2
Obus,2
Ole Ole,2
Orquesta M. Pizarro,2
Orquesta Tipica F. Canaro,2
Orxata Sound System,2
Oscar Peterson,2
Osvaldo Fresedo,2
P!nk,2
Pablo Abraira,2
Pagadixx,2
Paganini,2
Pain & Rossini,2
Paradise,2
Patty Pravo,2
Paul Anka,2
Paulinho Loureiro,2
Pedro Freijeiro,2
Pepe de Lucia,2
Perro,2
Pietro Mascagni,2
Prezioso Feat. Marvin,2
Prince Royce,2
Quentin Tarantino,2
R.I.O,2
Radio Killer,2
Rag'n'Bone Man,2
Ramones,2
Rebeca,2
Reggaeton Caribe Band,2
Remo Giazotto,2
Riccardo Cocciante,2
Richard Rodgers,2
Richard Wagner,2
Rita Pavone,2
Robert Miles,2
Robert Palmer,2
Rodolfo Amaral,2
Rodrigo,2
Romy Low,2
Royal Philharmonic Orchestra,2
Rozalén,2
Ruby,2
Rue Du Soleil,2
Ruth Cameron,2
S.B.S.,2
Sam & Dave,2
Sam Cooke,2
Samuel Barber,2
Sant Gatxo,2
Sash!,2
Sasha Lopez,2
Scanners,2
Scissor Sisters,2
"SDR Salsa, Michael Chacon",2
Sean Paul,2
Sergio Endrigo,2
Shakira featuring Freshlyground,2
Sheryl Crow,2
Sidney Bechet,2
Silje Nergaard,2
Snow,2
Soft Cell,2
Songoe,2
Sophie Ellis-Bextor,2
Soul Atac,2
Soundset City,2
Spanish Caribe Band,2
Stan Kenton,2
Stan Kenton & His Orchestra,2
Stanley Turrentine,2
Starley,2
Stealers Wheel,2
Steen Thottrup,2
Steve Aoki,2
Suzanne Vega,2
Sva-ters,2
Sáloa Farah,2
Tacabro,2
Tadd Dameron,2
Taito Tikaro,2
Taxi Doll,2
Tears For Fears,2
Technotronic,2
Telmo Fernández,2
The Boomtown Rats,2
The Buggles,2
The Cars,2
The Chainsmokers,2
The Housemartins,2
The Isley Brothers,2
The Jazz Crusaders,2
The Moods Unlimited Orchestra,2
The Moods Unlimites Orchestra,2
The Pussycat Dolls,2
The Shangri-Las,2
The Specials,2
The Wailers,2
Timbaland,2
TINI,2
TJR,2
Toke De Keda,2
Tom Browne,2
Tom Jones,2
Tomatito,2
Toni Simonen,2
Triana,2
Urbanator,2
USHER,2
Vainica Doble,2
Valentina Monetta,2
Vanesa Martín,2
Velasco,2
Velvet (6),2
Vic Damone,2
Victor Magan,2
Wamdue Project,2
Wanda Jackson,2
Warren Casey,2
Wayne Shorter,2
Wes Montgomery,2
Wet Wet Wet,2
Willie Colón,2
Wisin & Yandel,2
Wisin Y Yandel,2
Ylric Illians,2
Yolanda Be Cool,2
Zedd,2
Zucchero,2
a-ha,3
AFROJACK,3
Agraviats,3
Agustín Lara,3
Alan Walker,3
Alex Touceda,3
Alexandra Stan,3
Alexia,3
Amelie Lens,3
André Garceau & Bruno Iachini,3
Antoine Clamaran,3
Antonio Machín,3
Armando Manzanero,3
Axwell,3
B.J. Thomas,3
Benedetto Marcello,3
Bertrand Burgalat,3
Brook Benton,3
Cannonball Adderley,3
Cesare Andrea Bixio,3
Chick Corea,3
Chuck Berry,3
Cole Porter,3
Daddy Yankee,3
Dinah Washington,3
DNCE,3
Domenico Modugno,3
Duke Ellington,3
Duke Pearson,3
Eddie Floyd,3
Edward Maya,3
El Simbolo,3
El Suerte,3
Elena,3
Eliane Elias,3
Elmara,3
Eric Prydz,3
Eternia,3
Fabbio Alonso,3
Fedde Le Grand,3
Fragma,3
Franco Tozzi,3
Franz Lehár,3
Fred Bongusto,3
Gabinete Caligari,3
Garcia,3
Gary B,3
Gioachino Rossini,3
Guru Josh,3
Gustav Mahler,3
Hardwell,3
Henry Purcell,3
Herbie Hancock,3
Heroes del silencio,3
Homo sapiens,3
Jackie Sagana,3
James Brown,3
Jax Jones,3
Jean Mare,3
Jean-Paul Trombert & Claude Lapouge,3
Jerry Lee Lewis,3
Jim Broadbent,3
Johann Pachelbel,3
John Travolta,3
Juan Luis Guerra 4.40,3
Juan Magán,3
Jules Massenet,3
Kamaliya,3
KAROL G,3
Kate Ryan,3
Kelly Rowland,3
Kurt Redel,3
Kygo,3
La Sonora Matancera,3
Lou Rawls,3
Luigi Denza,3
Manuel Carrasco,3
Marisol,3
Marta Sánchez,3
Martinez,3
Massiel,3
Max Steiner,3
Milk & Sugar,3
murra,3
Nancy Wilson,3
Nat King Cole,3
Nicki Minaj,3
Nicko,3
Nicole Kidman,3
Nino Bravo,3
Orquesta Bachicha,3
Orquesta Típica Víctor,3
Ottorino Respighi,3
Paco Fernandez,3
Pata Negra,3
Peggy Lee,3
Peppino Di Capri,3
Pyotr Ilyich Tchaikovsky,3
Rachelle Spring,3
Raimundo Amador,3
Ray Charles,3
Richard Strauss,3
Robin Schulz,3
Salvatore Cardillo,3
Sandro Giacobbe,3
Schubert,3
Sebastian Yatra,3
Sia,3
Sister Sledge,3
Sonny Rollins,3
Soraya Arnelas,3
Spankox,3
Supafly,3
Swedish House Mafia,3
The Clint Boon Experience,3
The Drifters,3
Tiësto,3
Traditional,3
Umberto Giordano,3
Valentin Caamaño,3
Various Artists,3
Vincent Bruley,3
Woody Herman,3
Ypey,3
Zara Larsson,3
Alberto Vilas,4
Alex Y Christina,4
Andrew Lloyd Webber,4
Billy May,4
Brian May,4
CACHORRO LOUCO,4
Carl Perkins,4
Charlie Parker,4
Chet Baker,4
Cris Delanno,4
Dani Mata,4
DJ Valdi,4
Dominique Mass & Didier Garino,4
Ernesto de Curtis,4
Francesco Macci,4
Franz Schubert,4
Fred Astaire,4
Giacomo Meyerbeer,4
Ike Quebec,4
J Balvin,4
Jimmy Fontana,4
Juan & Junior,4
Kungs,4
Little Richard,4
Manu Guix,4
Milk Inc.,4
Mina,4
Mohombi,4
Narci Rodríguez,4
Natobi & Wa Kan,4
Nicola Di Bari,4
Remady,4
Robert Ramirez,4
Ruggero Leoncavallo,4
Sarah Vaughan,4
September,4
Squeeze,4
Supersubmarina,4
The Bikinis,4
The Shirelles,4
The Weeknd,4
Verdcel,4
Whigfield,4
Why Five,4
YALL,4
Antón García Abril,5
ATB,5
Benny Goodman,5
Bernard Herrmann,5
Chopin,5
Dondelirio,5
El Hombre Misterioso,5
Electric Nana,5
Elton John,5
Frédéric Chopin,5
Gabriel Fauré,5
Georges Bizet,5
Henry Salomon,5
Iva Zanicchi,5
Jason Derulo,5
Javier Abraldes,5
Joaquín Turina,5
Jonas Blue,5
Kike Santander,5
Los bravos,5
Martin Solveig,5
Michael Chacon,5
Pablo Beloso,5
Polos Opuestos,5
Putumayo,5
R.I.O.,5
SOCIETAT FILHARMÓNICA ALTEANENSE,5
Spiderman Pterodactyl,5
The Platters,5
Thomas Newman,5
Ben E. King,6
Carlos Gardel,6
Celia Cruz,6
Ella Fitzgerald,6
Gaetano Donizetti,6
George Frideric Handel,6
José Carreras,6
Los Brincos,6
Marcela Mangabeira,6
Nancys Rubias,6
Silence of the Wolves,6
Taio Cruz,6
Bob Sinclar,7
Compañía Grease El Musical De Tu Vida,7
Don Omar,7
Ernest Noah,7
Flo Rida,7
Ignacio Rodriguez,7
"Lucio De Santos, Toribio",7
Mantovani,7
Manuel Cubedo,7
Martín Ruyz,7
Philippe Bestion,7
Thelonious Monk,7
Víctor Manuel,7
Xuso Jones,7
Andrés Segovia,8
Christina y Los Subterraneos,8
La Década Prodigiosa,8
Louis Armstrong,8
Miami Sound Machine,8
Miley Cyrus,8
Percy Sledge,8
Walter Hoff,8
abe rábade,9
Bill Evans,9
Camel,9
Capella de Ministrers,9
Carlos Luengo,9
Fraskito,9
Freddie Mercury,9
John Streep,9
Keane,9
MGMT,9
Paul McCartney,9
Randy Newman,9
Sopa De Cabra,9
Varsity Drag,9
Africanism,10
Batuka,10
Bluenaticos,10
Brandon Flowers,10
Cartoons,10
Daniel Diges,10
Dover Lights,10
Eagles,10
El Seko Band,10
French Piano Jazz Music Oasis,10
José el de la Tomasa,10
La Lupe,10
Laura Durand,10
Led Zeppelin,10
Los Suaves,10
Machine Head,10
MIKA,10
Niña Pastori,10
No Idea,10
Nudozurdo,10
Paul Simon,10
Pink Floyd,10
Polock,10
Rosendo,10
Spanish Fly,10
The Black Crowes,10
The Blues Brothers,10
The Green Marbles,10
The Post Office Gals,10
The Rasmus,10
The Strokes,10
The Sunday Drivers,10
Toninho Horta,10
Trevor Moss & Hannah-Lou,10
Vinicius De Moraes,10
Zenet,10
Antony and the Johnsons,11
Architecture In Helsinki,11
Azucar Moreno,11
Belanova,11
Ben Harper,11
Björk,11
Blackfield,11
Carlos Jean,11
Dorian,11
Duffy,11
El Arrebato,11
Erika Albero,11
Inkeys,11
Jakob Dylan,11
Javier Maroto,11
John Mayer,11
John Williams,11
Johnny Cash,11
Konsumo Respeto,11
La Caixa de Gel,11
LoveMeBack,11
M-Clan,11
Madeleine Peyroux,11
Marc Anthony,11
Merche,11
Nico de la Rue,11
Olav Abban,11
paco charlín,11
Pharrell Williams,11
Pink Martini,11
Pura Mandanga,11
Solanas,11
The Black Keys,11
The Divine Comedy,11
The Doors,11
Varry Brava,11
Vuit,11
Adele,12
AIR,12
America,12
Antonio Flores,12
Barbara,12
Chicken Congress,12
Desplante,12
Diana Navarro,12
Dvicio,12
Electric Light Orchestra,12
Emily Osment,12
Enderrocks,12
Facto Delafe y las flores azules,12
Flow,12
Fugees,12
Guru,12
Indras,12
Injured,12
Jon Secada,12
Justice,12
Justin Timberlake,12
Keren Ann,12
Kings of Convenience,12
La Bien Querida,12
La Habitación Roja,12
Lorde,12
Megadeth,12
Melocos,12
Michael Bolton,12
My Life Story,12
PJ Harvey,12
Second,12
Seven Doors Hotel,12
Sex Pistols,12
Shuarma,12
Simply Red,12
Storms To Come,12
Susan Boyle,12
Take That,12
The Lumineers,12
The Velvet Underground,12
Tokio Hotel,12
Zero Killer,12
Abraham Mateo,13
Angy,13
Beautiful World,13
Camaron De La Isla,13
Cat Power,13
Daft Punk,13
Deep Purple,13
Earl Klugh,13
Eva Cassidy,13
Gotye,13
Guaraná,13
Harry James,13
India Martinez,13
Keybone,13
La Quinta Estacion,13
Leiva,13
Lori Meyers,13
Los Caños,13
Milow,13
Monica Naranjo,13
Nathan Barr,13
Nirvana,13
Ozzy Osbourne,13
Paolo Conte,13
Papas Fritas,13
Queen + Paul Rodgers,13
Revolver,13
Schumann,13
Sole Gimenez,13
Taxi,13
The Killers,13
Vega,13
Voodoo,13
Amy Macdonald,14
Beck,14
Black Sabbath,14
Britney Spears,14
Cassandra Wilson,14
Complot,14
Conor Maynard,14
Dani Martín,14
David DeMaría,14
Derek & The Dominos,14
Dire Straits,14
Elbicho,14
Emeli Sandé,14
Eric Clapton,14
Europe,14
Evanescence,14
Grupo de Fados,14
Jesse & Joy,14
Jethro Tull,14
K's Choice,14
Lana Del Rey,14
Lisa Stansfield,14
Loreen,14
Luis Miguel,14
Macklemore & Ryan Lewis,14
Metallica,14
Mikel Erentxun,14
Morat,14
Natalie Imbruglia,14
New London Consort,14
Pablo López,14
Paco de Lucía,14
Placebo,14
Radio Futura,14
Rosario,14
Rufus Wainwright,14
Simon & Garfunkel,14
Sky Ferreira,14
Stacey Kent,14
Texas,14
The Bangles,14
Whirlwind Storm,14
Whitechapel,14
Willie Nelson,14
Alex Ubago,15
Amparanoia,15
Andy & Lucas,15
Avicii,15
Bebe,15
Blank Banshee,15
Caetano Veloso,15
Cali Y El Dandee,15
Carlos Vives,15
Chucho,15
Cómplices,15
Despistaos,15
Dirty Dancing Orchestra,15
Edurne,15
Efecto Pasillo,15
Ger1,15
Guns N' Roses,15
Happy Mondays,15
Hoobastank,15
Hugh Laurie,15
Iron Maiden,15
Ismaël Lô,15
La Caja De Pandora,15
La Manada Norteña,15
Luis Fonsi,15
Macaco,15
Mute,15
Ne-Yo,15
Noa,15
Oceana,15
Orquesta y Coro del Conservatorio Prof Música Valencia,15
Rashadeck,15
Ribon,15
Rocío Dúrcal,15
Rosario de Cádiz,15
Sergio Contreras,15
Stereophonics,15
Sílvia Pérez Cruz,15
The Vamps,15
Vince,15
Òscar Briz,15
Alanis Morissette,16
Aztec Camera,16
Calle 13,16
Diego Torres,16
El Sueño de Morfeo,16
Enya,16
Georges Moustaki,16
Henry Mendez,16
Liza Minnelli,16
Madness,16
Pastora Soler,16
The Mamas & The Papas,16
The Offspring,16
The Police,16
Tina Turner,16
Tracy Chapman,16
Whitesnake,16
Woman In Chronicle Chapter 2,16
Dusty Springfield,17
Efecto Mariposa,17
Eminem,17
Everything But The Girl,17
Gloria Gaynor,17
Julieta Venegas,17
Laura Pausini,17
Los Piratas,17
Maluma,17
Melody Gardot,17
Mägo de Oz,17
Pedro Guerra,17
Raphael,17
Rosana,17
Scorpions,17
Sting,17
Tony Bennett,17
Carlos Rivera,18
Chambao,18
Displomen,18
Ed Sheeran,18
Huecco,18
Lighthouse Family,18
Luis Eduardo Aute,18
Mase,18
Quique González,18
Sweet California,18
Toni Braxton,18
ToteKing,18
Antonio Vega,19
Barry White,19
Blur,19
"Harry James Orchestra, Frank Sinatra",19
Kesha,19
Miguel Bosé,19
Nelly Furtado,19
Niño de Elche,19
Presuntos Implicados,19
Romeo Santos,19
The Clash,19
The Cult,19
Tomislav Baynov,19
U2,19
Beyoncé,20
Black Eyed Peas,20
Dalida,20
Damien Rice,20
Duo Dinamico,20
Giacomo Puccini,20
Il Divo,20
Magicos 60,20
Najwajean,20
Passenger,20
Roberto Carlos,20
Shawn Mendes,20
Stereolab,20
The Baseballs,20
The Corrs,20
The Rolling Stones,20
Aardvark Asteroid,21
Añoranza,21
Blondie,21
Bruno Solo De Zaldivar,21
Celtas Cortos,21
Duncan Dhu,21
Eurythmics,21
La Frontera,21
Marlango,21
Neil Young,21
The B-52's,21
The Cranberries,21
Train,21
AC/DC,22
Arctic Monkeys,22
Elvis Presley,22
INNA,22
Justin Bieber,22
Manel,22
Niños Mutantes,22
Roberto Giménez,22
The Stone Roses,22
Tom Waits,22
Aerosmith,23
Bebo Valdés,23
Cristian Castro,23
David Guetta,23
Fito y Fitipaldis,23
Iron & Wine,23
Kiko Veneno,23
Love of Lesbian,23
Luz Casal,23
Maroon 5,23
Soraya,23
Sôber,23
Tequila,23
Travis,23
Wim Mertens,23
Belle and Sebastian,24
Creedence Clearwater Revival,24
David Otero,24
Jacques Brel,24
Oasis,24
Wilco,24
Ana Torroja,25
Café Quijano,25
Carlos Núñez,25
Esmeralda Grao,25
Estopa,25
James Blunt,25
Joe Cocker,25
Kylie Minogue,25
Lluis Llach,25
Maria Dolores Pradera,25
Snow Patrol,25
Ana Belén,26
Bon Jovi,26
Carla Bruni,26
El Perro Asirio,26
Jason Mraz,26
Mugroman,26
Orquesta Sinfónica Teatro Castelar,26
Sade,26
Avril Lavigne,27
Bob Marley & The Wailers,27
Camila,27
Doris Day,27
Maná,27
Paulina Rubio,27
Seal,27
Tiziano Ferro,27
Bad Religion,28
Dream Theater,28
El Último De La Fila,28
Fangoria,28
Jack Johnson,28
Moby,28
Ramoncin,28
Robbie Williams,28
Santana,28
Trevor Jones,28
Arcade Fire,29
Extremoduro,29
Imagine Dragons,29
Kings of Leon,29
Public Enemy,29
Sarah Brightman,29
Barbra Streisand,30
Classical Romance,30
Los Chunguitos,30
Marea,30
Mireille Mathieu,30
Phil Collins,30
Red Hot Chili Peppers,30
Sergio Dalma,30
Carlos Baute,31
Cecilia,31
Jamie Cullum,31
Pereza,31
R.E.M.,31
Antonio Vivaldi,32
Christina Aguilera,32
Katy Perry,32
Malú,32
Mecano,32
Nacho Vegas,32
Supertramp,32
The Beach Boys,32
Trevor Morris,32
Antonio Orozco,33
Billie Holiday,33
Green Day,33
Leona Lewis,33
Los Rodriguez,33
The Moody Blues,33
Bruno Mars,34
Ennio Morricone,34
Madonna,34
Anastacia,35
Fuel Fandango,35
Johann Sebastian Bach,35
Jorge Drexler,35
Lady Gaga,35
The Who,35
Danza Invisible,36
Ella Baila Sola,36
Franz Ferdinand,36
Los Secretos,36
Mariah Carey,36
Miguel Ríos,36
Pablo Alborán,36
The Cure,36
Whitney Houston,36
Camilo Sesto,37
Enrique Iglesias,37
Ismael Serrano,37
John Lennon,37
Loquillo Y Los Trogloditas,37
Olivia Newton-John,37
Russian Red,38
Eros Ramazzotti,39
Frank Sinatra,39
Gloria Estefan,39
Los Enemigos,39
Maldita Nerea,39
One Direction,39
Genesis,40
Juanes,40
Linkin Park,40
Los Panchos,40
MILIKI,40
OneRepublic,40
Julio Iglesias,41
La Unión,41
David Bisbal,42
Depeche Mode,42
Elefantes,42
Héroes del silencio,42
Katie Melua,42
Auryn,43
Chayanne,43
La Oreja de Van Gogh,43
Loquillo,43
Mocedades,43
Shania Twain,43
Various,43
Lenny Kravitz,44
Leonard Cohen,44
Nena Daconte,44
Ricky Martin,44
Rod Stewart,44
El Canto Del Loco,45
Ivan Ferreiro,45
Los Planetas,45
The Smiths,45
Céline Dion,46
Manolo Garcia,46
Roxette,46
Michael Jackson,47
Pearl Jam,47
Jennifer Lopez,48
Michael Bublé,48
The Alan Parsons Project,48
Amy Winehouse,50
Mark Knopfler,50
Radiohead,50
Vetusta Morla,50
Hombres G,51
Alejandro Fernández,52
Manic Street Preachers,52
Tam Tam Go!,52
Pitbull,53
Rihanna,53
David Bowie,54
Bryan Adams,55
Ketama,55
Melendi,55
Michael Giacchino,55
Prince,56
Tamara,56
The Cardigans,57
Mando Diao,58
-,59
Alma Chillout,60
Diana Krall,60
Suede,61
Christina Rosenvinge,62
Bunbury,63
Joan Manuel Serrat,63
Dúo Dinámico,64
Jimi Hendrix,65
Bob Dylan,66
Coldplay,66
Joaquín Sabina,66
Alicia Keys,67
Alejandro Sanz,73
Norah Jones,75
Andrés Calamaro,77
Bruce Springsteen,80
The Jayhawks,83
Muse,85
Tino Casal,86
The Beatles,93
Shakira,97
Amaral,98
Queen,98
Ludwig van Beethoven,101
Giuseppe Verdi,106
Wolfgang Amadeus Mozart,125
